timestamp,humidity,temperature,soil_moisture,light,leaf_wetness,leaf_color,health_Corn,health_Wheat,health_Rice,health_Tomato,health_Aniket
2026-04-08 16:00:45.938558,27.481410560534968,41.44892351295196,8.372475219861238,437.1664280385872,98.26736150646872,31.43966740828594,62.1500528264461,53.029994138313775,52.081446138526395,48.14016895927506,64.29406431848659
2026-04-08 17:00:45.938558,37.56357170916712,37.56971603625225,26.1514562181301,425.2393011968546,85.94843272467529,21.97874024016064,79.27016703042914,72.77551779229871,74.01025621060903,68.31043033401353,82.44266627787806
2026-04-08 18:00:45.938558,19.73533283316501,44.07770052222707,19.92025732165416,340.31247160181584,90.88891274023192,39.8349773040955,62.645460484839774,55.87571138179622,56.36678582415581,50.62616935234756,77.13467358255348
2026-04-08 19:00:45.938558,36.79699668751394,27.55175573153697,17.36331023222669,0.0,96.63213420260612,21.90737658504544,60.27574449055238,61.678369638199094,54.939942202405724,58.46677897669661,51.361176317935445
2026-04-08 20:00:45.938558,28.89427679091192,33.345020170151074,13.685913581286458,48.25187114294235,75.00152502161066,22.18451959105729,63.478406464863646,60.078361614047154,59.31099130890054,58.70766148568171,78.9553951728217
2026-04-08 21:00:45.938558,25.741508020876253,36.04929766955484,17.27355033999318,563.7074698073011,97.0549348132312,24.512726159360056,70.21985368416624,65.58018938515394,64.0876694469018,60.63184657906599,65.30998966231121
2026-04-08 22:00:45.938558,59.72724319453982,37.20209828463569,21.829779989761377,126.3719085748056,96.10823863780227,26.94544775793735,71.3247042838198,64.29041248279788,65.10243176911128,61.93861205549072,76.0942603431
2026-04-08 23:00:45.938558,36.03011627217234,32.02983669247576,21.69031740442973,0.0,98.33458344822554,28.88416197008828,63.006202438756766,61.35708260868492,57.870830971893085,58.709287805562326,54.73747235771256
2026-04-09 00:00:45.938558,17.784315020084982,44.222483394595685,27.115505981031603,0.0,84.65334534064728,46.20338107959556,57.78535983725668,49.77821378964304,50.705091882163124,47.73950414398493,69.02881077060107
2026-04-09 01:00:45.938558,48.50755626345601,26.882095169271462,22.853633896045697,0.0,81.2877170644798,30.05069212570077,71.84651139666848,72.94287959359514,68.46768090520767,70.65338961933199,70.04828861386854
2026-04-09 02:00:45.938558,29.59339865645001,43.26072711632277,17.915163941704332,0.0,88.03749899226318,21.177570359750327,55.73421430781558,47.00800772923726,46.11712381607268,44.501728725224304,61.225844363293895
2026-04-09 03:00:45.938558,35.30881793557211,28.23640511665233,25.740808671246253,126.44097410238513,96.14589307466862,21.619808241408982,68.00492291448607,69.46603902720715,64.6712993743083,65.33757883808823,71.44327536347312
2026-04-09 04:00:45.938558,47.83017883516136,32.40700254467549,24.57450844154296,290.7877979644097,87.5832233777085,51.40537943568316,81.75422422473079,80.006161149122,80.09493769847977,76.3043422566684,87.42089811784048
2026-04-09 05:00:45.938558,51.609828729480014,29.94606071221684,13.863005885445665,172.99009689854765,100.0,26.90531903338708,66.27190752915118,66.39095464829619,62.307140805824915,62.85767252350539,66.43452461726478
2026-04-09 06:00:45.938558,48.45754517990376,22.288214147129388,28.299551414493365,103.99781577480002,82.50396378793187,30.1810445256778,77.01637175131356,79.04654163831391,75.20117391354408,75.21569689105057,86.40148576198077
2026-04-09 07:00:45.938558,28.185660869623064,33.7469481597014,29.278407026044945,232.0458254268662,87.7967170858469,29.0255198184938,73.828615855391,70.86164607172236,71.72164293896758,67.35534008511661,82.21081875748857
2026-04-09 08:00:45.938558,16.706520475178415,50.0,24.28332175391607,293.77171176589553,100.0,33.7056226163869,40.515161884204005,43.88560674809287,43.050754019054864,37.24756323089635,67.29527750326504
2026-04-09 09:00:45.938558,19.815957448900747,43.14278676996868,20.67282229893249,355.3625129757877,94.10995814948257,42.02843957335766,64.80409506407831,57.14036579992404,57.33875301485402,51.7268774799736,74.4973583430942
2026-04-09 10:00:45.938558,41.0364371991467,38.26694447979052,16.310481608153864,131.17817204129207,73.53078529077922,32.97648935120681,73.45823030999313,65.53347267588092,66.14892161552336,62.9758411663461,87.32909797735489
2026-04-09 11:00:45.938558,15.874947115339015,50.0,23.071886254606888,58.11799743164238,80.59078922665131,11.286853796324111,34.91364232900363,36.81999574598215,37.29640196359759,33.45695472766537,75.51281667736167
2026-04-09 12:00:45.938558,20.64029098971266,50.0,18.983144350964828,463.50685530514033,89.00180095695487,42.52664790041135,47.96813894615776,51.16710841388985,50.952858463266445,44.841538544138,78.8080826976493
2026-04-09 13:00:45.938558,13.770014746025408,50.0,16.067874954075027,336.8919189700476,97.19749704289772,20.664767467831428,34.58942528118283,37.71328346963348,36.93378998558463,31.554489664452614,61.50062833894585
2026-04-09 14:00:45.938558,27.24770980532905,50.0,1.4792483899938702,0.0,82.9076024207889,32.0632527534277,26.682731766333585,27.592570090478056,27.069995715672516,26.413282565302215,59.750704469726216
2026-04-09 15:00:45.938558,30.8442474042998,50.0,30.79486676548756,313.9291965508289,85.38026968641823,32.70530988295248,53.496567102614456,56.262982611778284,57.78690844377159,50.68648896175107,88.06638298920886
2026-04-09 16:00:45.938558,13.66899169953442,50.0,12.881095765325542,214.6012165826396,70.3241565956929,30.16352056980264,38.8296393982979,41.058259362242,41.815714873382525,36.972221944751965,77.3111388761528
2026-04-09 17:00:45.938558,15.59387655988968,40.90435509133065,29.330048214421783,358.3643914185312,64.0010853166541,31.06705683304491,76.62226488677844,66.71911260053643,68.70773696474255,62.72541327806593,83.30324516256026
2026-04-09 18:00:45.938558,35.16156861540916,42.502335127057336,8.535791382661415,28.948440803113527,80.41950750910188,44.92812290118718,59.81996111699368,49.93816242810249,49.844605935788785,48.45251659232952,81.82357540845436
2026-04-09 19:00:45.938558,23.062861249273904,43.13512690854432,16.881406386842983,0.0,96.36319342712622,20.16322324314947,50.088722144666605,41.405879538211536,39.669157956204614,38.52267037426294,50.28683079148265
2026-04-09 20:00:45.938558,29.92147587198573,23.82429843146176,14.573661803266743,140.6134074518868,75.33331356615972,35.87565793145698,69.43366656850358,71.88378066805078,66.70076172009377,67.54751617846016,80.76694015445467
2026-04-09 21:00:45.938558,27.7645451296629,44.27134373321874,4.325256854440973,43.56794697649766,93.32909247491614,38.565537180291294,45.91352237908796,37.886972169255266,36.89569644575733,35.952356349755924,70.59484193115384
2026-04-09 22:00:45.938558,51.7997103762323,35.53854186982811,20.32435726572355,0.0,100.0,32.19868394092826,65.56821147322802,60.31702504384944,58.48394815429135,58.203696656710356,55.765936031124774
2026-04-09 23:00:45.938558,27.750530724477382,36.97279503917019,18.677824218302497,283.2059695346154,82.97144771335786,43.737951781263305,73.86931560111258,67.98903451867685,68.68329390960554,64.03469722166227,85.18775809567903
2026-04-10 00:00:45.938558,19.983278271841364,41.54632717721033,15.254689950306831,0.0,73.82929491233398,40.79432293442335,60.7611031731691,50.31843092212116,50.614749757867415,48.97597248330246,66.55298137369682
2026-04-10 01:00:45.938558,16.186182688194606,27.04125160034304,14.64908175599348,0.0,94.64478844425894,42.22878082608628,54.77167631003798,56.14648893662914,50.04014520934696,53.392742399791636,50.69734867319159
2026-04-10 02:00:45.938558,18.67610748949886,46.08583024864491,5.069164341011542,102.4019032547241,96.63518659376604,45.53247861044902,39.56130563451997,34.33887576551653,33.429442656229966,31.460780416304377,65.77168928163779
2026-04-10 03:00:45.938558,27.13205301861376,50.0,16.549391528347552,236.1016668460967,89.29101615454728,43.72116573007919,44.410023760279934,47.472289054357496,46.77329238199032,41.72629559062337,81.2469696701401
2026-04-10 04:00:45.938558,36.32341953364103,41.06233265890638,13.9058454979741,0.0,83.00327030968114,32.222867100677135,62.99150504961146,52.57807093331695,52.065605927735106,50.8459351190328,67.93237504895883
2026-04-10 05:00:45.938558,36.95931829867428,33.15133208546018,8.281048555426477,0.0,100.0,37.30181358117143,55.71439668043594,52.64845717715168,49.19615858691104,50.9113136968958,49.38587305577706
2026-04-10 06:00:45.938558,5.548084176173639,47.13574976463045,19.12207926347996,584.5106299426338,96.87051965958612,30.61483934469156,47.524466198034176,44.77471566212215,44.80193311802343,39.60489252649452,60.689305384433105
2026-04-10 07:00:45.938558,29.129120257470426,40.26243056791186,6.384347302310792,245.80561460011012,100.0,33.45767605902937,58.32461912276409,48.80043083892108,47.603943852786806,44.79440939570257,63.14830010947286
2026-04-10 08:00:45.938558,26.46895102879065,48.23174413312368,6.2824004448454245,351.01577303269755,96.2271345665082,36.60762089539014,42.59265932163139,41.91206160089658,40.94126363610489,36.65585180738058,67.51001921528776
2026-04-10 09:00:45.938558,36.930411572027,50.0,17.33370762059227,394.2087100427528,99.3822893239081,45.33709058106528,48.49150086115472,52.11205662074272,50.13403052634027,44.88776175653908,73.25888530322293
2026-04-10 10:00:45.938558,22.12926585131672,41.37933413230365,13.0753366062107,444.1819227165905,81.09735393117947,42.47787257159944,70.45862453975724,61.0355446745339,62.09804853732296,56.85642627383823,81.35440745679757
2026-04-10 11:00:45.938558,28.234990080892885,50.0,12.146994969752052,494.8965426313927,79.3205054354002,32.08722384728475,48.63650957967814,51.43512238896155,51.42066374809891,45.91181229221246,81.593231463201
2026-04-10 12:00:45.938558,15.803528845161164,47.6486257643172,18.216818320315472,532.632541104713,80.96716952564803,44.43938798614519,56.82336175986828,54.99957795175899,55.884578462453334,49.90731747634001,81.38333836388273
2026-04-10 13:00:45.938558,15.96395610542409,50.0,7.880910062035873,27.280213441515286,89.31479114101863,45.24943920342543,27.962281382612254,29.59658943789701,28.724559567552262,26.99943064645955,69.43166990837977
2026-04-10 14:00:45.938558,34.37880165690281,50.0,7.591585220995245,56.30566780321072,79.34101906276841,31.10282273306561,36.741387314163205,38.472995622377155,37.87258169153867,35.644385078439285,82.66358880705067
2026-04-10 15:00:45.938558,27.372528496193,50.0,21.57112252474332,142.08245865277263,86.68568881946274,33.26436879214545,44.00549323414129,46.80072203109395,46.389483122930734,41.7129338586354,83.91301641926263
2026-04-10 16:00:45.938558,29.003687469151288,50.0,18.397591828965545,145.10194454527533,60.14140809950493,38.13328239639264,49.41839502650265,52.19271898878192,50.266671966830515,46.59484638678515,87.80850966658605
2026-04-10 17:00:45.938558,9.576927343735004,50.0,18.73360191981883,82.9428572375247,89.82623935775436,46.61623342286588,33.62280784351177,35.822697382486275,35.80947511464315,31.992086177561042,75.17932226380174
2026-04-10 18:00:45.938558,14.867910776835362,50.0,28.43864215906958,0.0,62.83130763048989,23.205100489902165,40.78994595135494,42.29533633136853,41.970016313077764,39.31659298173225,65.41360903453987
2026-04-10 19:00:45.938558,11.727299364904772,41.15469392972303,13.263611424616482,0.0,83.35713901633983,62.18629858968576,55.67427156413192,44.686948070145185,45.25045899874848,43.939187059034836,61.35487676273417
2026-04-10 20:00:45.938558,0.2394891325791945,47.08302529753869,37.935726399792856,0.0,94.75197543427034,26.849611718905606,37.2226570874157,31.90406732754603,36.10207926683323,31.781066401605962,50.368479869999774
2026-04-10 21:00:45.938558,31.032381060666538,38.92072715253354,15.819667189143134,0.0,99.55093153760065,35.52637681250715,58.887058563464265,50.458417787492465,47.97949439948738,47.61729591562839,52.97667029561134
2026-04-10 22:00:45.938558,20.401732447498617,45.70244137689341,31.51592088192257,225.6150896289655,86.4972693873121,17.299072913872433,58.039869657834274,52.56023980005071,54.946513614362416,48.60085964292074,78.86879458700268
2026-04-10 23:00:45.938558,18.38743207269584,42.41573325721129,29.08707085076564,13.230770517141792,78.75739889059811,31.015212797331564,62.79066690469777,52.8054338717393,54.63295903943251,51.25853354251049,76.16679777528583
2026-04-11 00:00:45.938558,69.9013970019733,24.84538048439773,18.96986804983317,63.25526865063898,73.12787342655345,50.10651778843149,77.63954959125888,78.94148550143976,76.00578354590694,76.86446306920206,88.09857671988921
2026-04-11 01:00:45.938558,4.84650430150818,37.756215421863125,15.007461184736629,0.0,95.11884019845267,40.64280766836777,48.80846257755749,40.79059292336821,40.71120221257485,39.76366826458049,47.28855164324263
2026-04-11 02:00:45.938558,0.0,37.78227290031244,18.14097816068937,47.95726956699433,88.071718049072,29.20554512117332,49.964969925731125,41.740123307090265,43.566694829576086,40.96856844118365,66.44183292556224
2026-04-11 03:00:45.938558,30.212791263898325,37.46210995611422,11.409857298376812,0.0,99.7282036292435,29.67971472598941,54.79255580173512,47.71988049258621,45.10615236961732,45.425026991392016,48.707194561838534
2026-04-11 04:00:45.938558,8.535539645270237,41.243253950992205,27.129978038127,0.0,94.56912774974477,31.468362637477977,54.31294776855282,43.813365641449316,44.59195941210708,42.087437831661674,53.14437067007659
2026-04-11 05:00:45.938558,0.6983179163880564,50.0,7.169076854561309,0.0,87.81382200744771,47.87122787680246,19.12974742224553,19.882385166952666,20.708943435525903,18.999954834862642,49.94101668063444
2026-04-11 06:00:45.938558,28.579087050700736,38.62114506761252,8.19563382676646,129.47824454676427,75.8515268672423,27.431959377392115,62.78265624783359,54.08481277538845,54.75184098977213,52.290189439420864,79.0594102739594
2026-04-11 07:00:45.938558,27.409076977235983,45.80761602263198,12.28066284004472,93.70002296642024,76.15778104621779,16.20836996398064,50.29246186613451,44.67459482201184,44.8653968897331,41.86427791796122,77.53486450797635
2026-04-11 08:00:45.938558,33.913944720760945,35.905075268164715,21.497038260788496,185.9861378928557,98.80809154083347,19.37875974461415,66.05970316937731,61.49007643192988,60.05847212878722,57.057599292538235,67.5923159718019
2026-04-11 09:00:45.938558,24.485196741136136,50.0,9.075723549316306,159.17169094629833,90.83402965543152,17.3229030089353,31.63043190060176,34.00041541134545,33.013376294796494,29.615470083980746,68.40554364860417
2026-04-11 10:00:45.938558,9.227441260249972,48.74250186891648,19.95656398342361,604.621103286305,66.48171323098498,21.46696275612853,51.572923300536765,51.245481099904424,51.56738837515823,46.715414316029836,72.98879576541184
2026-04-11 11:00:45.938558,22.73047969276076,50.0,15.64859948522149,500.0694119803068,89.95006717994305,21.77279310116099,43.977814011972136,47.066560925468245,46.37184920413142,40.86782427100188,71.71106217260919
2026-04-11 12:00:45.938558,34.25151487201985,42.13338693621538,20.790841692255825,211.7109557609656,84.39297203612118,28.71318712101005,69.92606286235728,61.00889547012611,61.65432837279009,56.7770899911851,85.01476920273618
2026-04-11 13:00:45.938558,3.21582814645174,50.0,17.292960148047058,35.100990364617985,100.0,24.47630536358308,21.224413993907042,23.24373785618083,22.24856006485605,19.716334479041844,53.929269799642874
2026-04-11 14:00:45.938558,23.307464076515124,49.82777727606408,20.45234602964392,101.23809154320594,81.93169241558515,34.14346812709245,42.76762250318015,44.89473283345412,44.797255250855365,40.566794998655546,85.37659641845738
2026-04-11 15:00:45.938558,4.306161897805481,50.0,9.085541118586717,0.0,86.42600237259882,25.20414890461412,19.856396081530146,20.90212009068229,21.296971781815664,19.48617647993675,49.4277055691458
2026-04-11 16:00:45.938558,14.804567136677802,50.0,17.196413748925007,303.28920968919624,69.5067753217675,27.69929109105986,43.979838636433605,46.57545168435335,47.34979919348039,41.60069403360403,78.62015606782745
2026-04-11 17:00:45.938558,5.897622064281379,50.0,11.501642679860565,597.3143115411019,91.33759105284648,0.3967590891704766,29.263283163966744,31.15329214052961,31.215934574889054,26.85842629037251,49.6765376868124
2026-04-11 18:00:45.938558,23.48571472700378,44.66260104101917,13.363211621921272,0.0,78.81501419133802,23.73467043465168,50.38419281436025,42.866749292565395,42.69584787113287,41.05947832038449,62.96191070460991
2026-04-11 19:00:45.938558,6.224954595656451,49.77566833420013,12.516635177653,207.69196229375177,77.01849077088731,32.62003049765419,34.195270452419535,35.69574801344784,37.408814259594934,32.21044687936575,74.09490762755999
2026-04-11 20:00:45.938558,15.440472478672998,46.59896894129118,14.093160586174342,137.61082114467104,92.17407309471812,23.87953672789699,42.40101493413,38.511148999128025,38.21535864401024,34.56622399427965,68.49112755130166
2026-04-11 21:00:45.938558,26.106786565542187,38.709821014441374,11.376508400408031,0.0,81.56990671154287,23.12249384797079,57.8242997816751,48.76958167887547,48.46792342045908,47.73406194337233,61.379880344970466
2026-04-11 22:00:45.938558,21.27404725662701,38.28515342985704,8.51058025221738,0.0,63.43176810380616,25.479140215924225,58.15405800474643,49.235213348310495,48.044786107397975,48.43796856789827,59.429728162591374
2026-04-11 23:00:45.938558,1.6299100240263886,49.63560997683353,9.210183670605597,112.0893823853911,100.0,21.0728107768429,18.067083040687713,19.12394361275523,18.788098210442943,15.869004341994687,49.7984415933456
2026-04-12 00:00:45.938558,9.028038556987234,45.55510098771799,5.028498284877131,0.0,72.52599459467335,41.94469730658973,39.50906752623839,32.163038619761295,33.43685232051919,32.242953420109075,57.07854069697013
2026-04-12 01:00:45.938558,26.04882634777278,26.58920114166808,10.132936846862563,392.6375219129859,86.26321293545193,17.248359937513015,64.9925072347991,67.20625393740848,62.516477546030636,62.307459055302445,67.85369426020753
2026-04-12 02:00:45.938558,22.893688989242424,46.25137915456559,3.781696451290649,0.0,92.39023064228292,26.6078451917075,35.23151029017132,29.624497237218453,28.558217995068297,28.199055646007853,50.40103690690778
2026-04-12 03:00:45.938558,25.18261152049096,45.95006497612447,15.951572782072423,0.0,90.93084084896716,30.74056574955177,46.89358767877598,41.69068210323006,40.32135409706865,38.71974989661132,59.93685322448194
2026-04-12 04:00:45.938558,2.3841412319753505,50.0,22.11426041903203,0.0,98.62969611486496,38.16995098887844,24.76619203104825,26.61287121117452,26.069917852144844,23.502234024197524,45.90857505462194
2026-04-12 05:00:45.938558,12.663392305433174,41.4828397130587,12.84676774953694,0.0,90.93833188526514,35.19506505699812,50.43826363968938,40.02300297164657,39.7314151933756,38.52554156329622,54.00191701567801
2026-04-12 06:00:45.938558,27.121001896273214,26.95165881810309,16.316980406853617,265.5758796938001,91.26475332322912,26.84056557903702,66.9140287364661,69.36649254648435,64.19599390221889,64.05845733951455,71.3347538977453
2026-04-12 07:00:45.938558,22.45337255158526,31.025551299730505,6.045797751925739,242.3300118084416,76.46554026780836,13.541834447420586,58.99546558096597,57.49915364998118,56.561501742772016,55.70278548658664,68.20738039362499
2026-04-12 08:00:45.938558,41.40177271880563,50.0,18.323370314241046,91.66191776214586,100.0,40.44168651257532,41.764143827562094,44.731385080015194,42.149904176562025,39.233320456753454,74.4425309748036
2026-04-12 09:00:45.938558,19.5254798103998,47.35570933505158,3.373213155631076,0.0,90.39945635838224,17.04173722357593,28.96103620610633,24.942300562407468,24.227975239144136,23.770795057044708,47.1733840663579
2026-04-12 10:00:45.938558,30.60831475966222,50.0,6.773585636857869,466.076484349278,100.0,35.496264787503165,39.23155475133863,42.29361722953736,40.23590728945274,36.083204691273636,63.9181966969018
2026-04-12 11:00:45.938558,35.2970625967328,50.0,3.565988671885261,288.33324430419395,88.73274213855646,14.988705278391732,34.56216918519579,36.67832538206396,36.43687242553569,32.459688115350815,68.82704885727128
2026-04-12 12:00:45.938558,23.660542265041475,50.0,8.468688752709578,392.625398487986,81.00565185700792,24.932860673304987,40.81935001664758,43.34978504635508,43.72269087575417,38.41747317197067,76.43269608910256
2026-04-12 13:00:45.938558,26.94591295218273,44.81075285232031,17.75945551417922,208.5019668454376,77.65791001572968,8.68326492527402,57.460796822757565,50.916445086560756,51.730907852825396,46.97969141233516,75.81438404412278
2026-04-12 14:00:45.938558,8.74573055679818,50.0,12.383587920986225,552.6602201552147,67.73897247904169,22.634628167917445,41.90512410807508,43.998924827105874,44.509417225055735,39.61648789662625,70.2492445768334
2026-04-12 15:00:45.938558,17.531241771495136,50.0,13.421741794463603,0.0,81.65719250136577,15.73493675210159,29.12113294450141,30.726925890754643,30.119438516502907,28.209967223552525,57.22439252571635
2026-04-12 16:00:45.938558,49.034886928195725,50.0,4.424489416798789,62.114188967247,71.63902332961064,2.285880123465784,33.70130944577936,34.40268229720297,34.68888505255154,33.041531395257934,70.55951921787242
2026-04-12 17:00:45.938558,0.0,40.318156696251926,10.513411385745872,40.51876597861468,67.5000711857108,39.38069932549303,51.37042849348284,39.88420520451654,41.76959418757607,40.08202678995225,69.70778714308672
2026-04-12 18:00:45.938558,36.34255351946601,37.764735700487066,14.048389141721762,213.98864077516555,100.0,21.34820789514889,63.31427497843823,56.78425610335321,55.113458705281616,52.285708787481646,64.6758752692116
2026-04-12 19:00:45.938558,9.813212339657092,50.0,26.99483712418036,0.0,72.82803558594946,1.5677148516931432,31.216074916515918,32.24806657870108,33.643145200161136,30.428635297918518,52.227195716696315
2026-04-12 20:00:45.938558,32.34604773056064,50.0,28.45296269547528,0.0,73.74821305751655,11.696140560220815,43.46480556409576,45.037333424393005,45.41400109911439,42.27291864001084,66.79528386545019
2026-04-12 21:00:45.938558,26.126318756765123,49.42769874614368,13.221982332366425,0.0,86.87156233211908,4.578922687213314,30.537628911490657,31.07557000850299,29.63998853133384,28.254055884648125,51.57860055810974
2026-04-12 22:00:45.938558,33.73969254787374,50.0,6.320047332923902,0.0,84.65827348958102,20.80243291541091,30.424438923063157,31.83833917290442,30.613553482875638,29.654163402006624,59.56244113855816
2026-04-12 23:00:45.938558,29.44099842535965,41.51598550648954,6.827968994933327,106.61217603573655,89.53110976019858,16.432212692699554,53.688559711398725,43.479130468252734,43.17457556272833,41.23147057094959,69.07239726383636
2026-04-13 00:00:45.938558,10.889118009018029,38.24668583027637,26.085475935410106,80.09561088485322,85.19662580487872,28.138279506824425,61.45846570558416,53.198445140225914,55.023214284469894,51.3402578140557,77.35439650166556
2026-04-13 01:00:45.938558,11.837033889447978,29.629920997556965,19.444915122798296,0.0,87.79092969568534,16.301402021286208,53.28916050414191,52.69902421680287,49.60977405518494,51.505225316744074,50.2609938222855
2026-04-13 02:00:45.938558,7.479338854797646,34.30580147757273,8.445016222403138,0.0,96.3412825339422,39.39841413634526,45.212488341895856,40.443168446381875,39.43124694720164,40.022539950378665,43.284276311759164
2026-04-13 03:00:45.938558,29.24993070990669,50.0,14.960853053533594,0.0,96.90062685136073,16.99324676422316,30.39438503292791,32.722944553683696,29.885553618714027,28.67450423581732,50.0641703299845
2026-04-13 04:00:45.938558,0.0,44.788579537103146,15.242295815010756,0.0,99.76689254249284,17.63963696246529,31.80127386979043,24.248959932693484,24.06673615438296,22.54089301576388,33.70920079513026
2026-04-13 05:00:45.938558,31.65292019386408,32.55695599137752,24.500244589558022,30.50729987199537,96.39491213546962,31.364152859929348,65.00511917298738,62.954156828659606,60.567216047169,60.16274627829157,71.29683603048616
2026-04-13 06:00:45.938558,22.93252535505096,46.21367036194267,13.728106226685778,0.0,100.0,21.3132510098622,39.16669822791945,34.50951323538639,31.92169874713885,31.08013281972476,45.50087178583434
2026-04-13 07:00:45.938558,36.395744093367725,38.99056557491592,17.188122295233203,39.34302987690528,91.52736694530611,12.253760055810147,61.05492961013996,52.28695220839679,51.20312880185688,49.751958273758994,70.71194003385071
2026-04-13 08:00:45.938558,25.01028987218019,45.47431522814905,11.754654055927643,477.2778332383455,75.34952919219069,21.73477788024677,60.31365277271002,54.802257191635434,55.645516841224335,50.34670115846572,76.90209303625123
2026-04-13 09:00:45.938558,20.21794688151785,50.0,25.102714891186867,355.07931622908313,79.31695215354918,31.954531936685733,49.910940885235966,52.795457521648366,54.150274898381895,47.16021859579952,84.93094567705025
2026-04-13 10:00:45.938558,8.901706620640505,43.07009614888368,12.305573157701314,32.108479289958666,90.7496891489418,29.714813863740613,45.36363620764759,36.04562258383325,36.29770403706123,34.33329787833322,64.89597667098798
2026-04-13 11:00:45.938558,27.00018804420389,50.0,10.121084855381053,243.741698639624,82.48030920724223,22.068365043335348,39.03232727605919,41.5525161751001,41.50303398302875,36.833752698298476,77.51674439528485
2026-04-13 12:00:45.938558,14.23239798419833,50.0,18.0212885617209,233.73302296226203,89.99924295666597,18.3530944541638,35.38612231345605,38.13832582042811,38.19170247939662,32.900930054441986,69.30782086037546
2026-04-13 13:00:45.938558,0.4351379100420907,50.0,17.040659700581358,487.8990283022887,79.74692272116798,21.242230013542816,36.20363239652196,38.282987771917476,40.706008566446286,34.05410713314166,67.65810567357343
2026-04-13 14:00:45.938558,9.518105019793554,50.0,8.364845738891532,175.6863305645175,64.35396086806861,17.28784609925499,31.18423925950874,32.80383469352084,32.87316447740878,29.55191623195582,68.59996357939889
2026-04-13 15:00:45.938558,26.370410079466303,50.0,21.22265346903694,45.806132048529165,95.220445788855,23.91873910277903,36.249339814002354,38.8872731771185,36.98774256668803,34.17819283671086,72.78081133174749
2026-04-13 16:00:45.938558,21.126716161011288,50.0,5.791246067744512,0.0,71.60156882489875,20.77100432151036,28.67623041853131,29.72308294828518,29.32700828849341,28.260821375234222,57.43507927660465
2026-04-13 17:00:45.938558,32.89253686227311,50.0,20.06075854780184,88.98851811248893,70.3288574112529,21.225971346649693,45.6500657962476,47.93606393071368,47.525250172127606,43.84905049117324,84.78720168251667
2026-04-13 18:00:45.938558,0.6888499654481475,50.0,18.80115994764252,82.14953998852094,66.80067982442313,3.000216149090344,26.61257082090443,27.749716787316345,28.964118886723856,25.572235095335763,61.702187779831746
2026-04-13 19:00:45.938558,20.768979537248768,49.96351043043202,11.20551752421492,69.33592686955168,91.5126123232987,26.79317347526837,30.65194648689197,32.809863546677036,31.463599056055795,28.956805570766186,71.22397816658184
2026-04-13 20:00:45.938558,1.956874830530136,50.0,4.463060656641009,0.0,76.89015316369057,0.9165924435937391,12.238429527056415,12.223053335718589,13.844852865363315,12.527221230384814,37.616587410475745
2026-04-13 21:00:45.938558,26.14383491167716,50.0,2.4597478021015977,0.0,81.37117282101903,23.7144591662922,26.111801651569625,27.04512863543625,26.561047888813142,25.802177748436247,58.0845965781259
2026-04-13 22:00:45.938558,0.0,46.98032928476463,10.620237975594325,20.14221577667655,83.02303800645763,14.476839459689142,27.878338247665923,22.95249520384453,24.699081342693564,22.349612167067228,55.602825547409445
2026-04-13 23:00:45.938558,16.13300167400117,42.57967060227082,8.818906872494207,0.0,100.0,19.741552323512327,41.5854169137786,31.951952419846208,30.17331596276645,29.96466892507443,39.3608796828178
2026-04-14 00:00:45.938558,20.781569887165062,39.0979533261391,6.719671212582467,0.0,89.42684322109056,9.24152500702704,47.07625401808375,37.18944220247092,36.64466375246248,36.66852387254638,45.71650544052855
2026-04-14 01:00:45.938558,30.171553674477742,47.85054876342386,8.181876708686906,0.0,79.86928614215792,17.962613648685856,38.63370932915866,35.84749568722095,35.19471757781358,34.02893252440148,60.55954243890898
2026-04-14 02:00:45.938558,8.438263148423673,50.0,2.499367691872737,0.0,95.7292957982641,21.29307349341558,13.224644501804569,14.085638274220493,13.372587877865072,12.84326292003227,38.14099339213826
2026-04-14 03:00:45.938558,0.8530131343546294,45.529174016904925,6.691170586646115,0.0,100.0,30.63700520894053,26.669304848845663,19.755613452293993,19.54844089350229,18.763991430600857,34.40175615078852
2026-04-14 04:00:45.938558,13.66554750592526,50.0,5.715535412766705,0.0,96.95296120785292,14.246115303005354,16.697895089714244,18.058957328075245,16.364758301186498,15.818626707811031,38.21924812310976
2026-04-14 05:00:45.938558,24.324532713583523,48.66437956087354,6.938955358792125,0.0,87.8290678543588,11.949943949048608,29.35016963819405,28.052825451501555,26.903470153162996,26.064802081258353,50.87334471898528
2026-04-14 06:00:45.938558,6.0042455813660345,50.0,2.3069032378125574,0.0,93.79835731364486,22.193370204951005,12.552649914599488,13.226852129116352,13.073209212896929,12.364841978802769,39.07794284750645
2026-04-14 07:00:45.938558,12.784697468960816,50.0,0.0,430.1284340823945,92.6184679206056,15.733369596638829,24.426304722218063,26.025592405963025,26.73457423921026,22.563180616221494,54.81109331240276
2026-04-14 08:00:45.938558,32.054443533353854,50.0,6.967894820275202,0.0,86.97812686435358,18.88512571980388,29.334151155378926,30.852476364147712,29.3775785554807,28.44809709673659,57.064018908214216
2026-04-14 09:00:45.938558,2.8760040592311817,40.77762018894323,0.4074798393142504,108.41797874607116,95.1480476511116,20.36276264670125,36.086461082029665,24.447746231759854,26.128604292600865,24.504393681041,49.95829661258756
2026-04-14 10:00:45.938558,0.0,50.0,15.32106947746399,246.2260602524757,96.29415882122257,20.05483873007545,24.704796908434528,27.017676161093604,27.8028814205897,22.530669468420037,55.03146576776341
2026-04-14 11:00:45.938558,20.085849799016383,50.0,4.161369332965891,1.224328702019676,74.73178309348474,22.262593631760733,26.536392882243092,27.441593033132264,27.339518157932808,26.269117503954806,57.42547295960409
2026-04-14 12:00:45.938558,41.51371574373,50.0,15.141062967832283,315.2985689346473,81.24180742571808,16.04631239230668,47.63402369872034,50.385932076801005,50.5211269770349,44.983455253142836,81.08172164783318
2026-04-14 13:00:45.938558,20.420906398280003,50.0,9.804023112369867,86.77717867474638,64.53511012167161,28.516787877854,36.9120427712848,38.761214133215724,37.51306187521042,35.36656667928091,78.62010785322252
2026-04-14 14:00:45.938558,11.70157553887845,50.0,9.513715031152964,311.44481327743546,85.48537461990412,35.28533034575021,34.87546799288093,37.25750066825949,38.090297135064134,32.74928303700244,72.85723320086521
2026-04-14 15:00:45.938558,20.67081234538277,50.0,23.26867426760201,178.8719770492272,82.70277783416553,12.14145236694208,40.34980700870739,42.86059356775369,43.42228492356004,38.09425343330652,76.84510952598004
2026-04-14 16:00:45.938558,0.0,50.0,17.694745861149308,0.0,68.32106805788273,11.267526994742887,24.608955044215868,25.453185200078345,26.5122413674486,24.201307015606833,48.54860939432915
2026-04-14 17:00:45.938558,7.245342204769797,50.0,19.009442401641696,157.9137388633241,88.5524847842915,22.34541927124932,31.530028187596827,33.825059528083074,34.55872297028916,29.629693878017534,69.37928820480944
2026-04-14 18:00:45.938558,11.684192900039143,50.0,21.211611959885715,10.73166904232945,62.19278393790208,18.86897253399973,35.83170715931292,37.49779139718018,36.43297748467322,34.25816063531935,65.61531890620131
2026-04-14 19:00:45.938558,0.0,50.0,20.91103969902835,28.746591037985656,96.39885497601986,23.474481624784488,22.11866601633788,23.84100050354119,24.014057724715155,20.889615313123404,55.52618732464315
2026-04-14 20:00:45.938558,0.0,47.31377536242341,23.13720386964164,169.99614344453693,67.02643675218329,19.619297675568724,43.47545658208105,39.92034468673593,42.4064520566255,37.26906755347067,70.77213151237758
2026-04-14 21:00:45.938558,3.49994552417201,50.0,8.789237975866499,0.0,85.34755490039697,35.06362705906681,21.11263746372853,22.110443825215754,22.721357648409185,20.82887139553584,52.41598794070621
2026-04-14 22:00:45.938558,20.016694032193485,48.92406878176315,11.409562185096684,0.0,88.32087217470223,26.25332188653209,32.6653848448428,32.29681416866732,31.107159488198967,29.61429614948394,56.97640684172378
2026-04-14 23:00:45.938558,0.0,50.0,7.409560203606624,0.0,80.58818372737272,20.63784190012692,16.88927252626509,17.401447083150053,18.91449898136392,16.977507368218948,47.66664154495636
2026-04-15 00:00:45.938558,0.0,50.0,10.512023039673728,0.0,100.0,13.129907304055529,11.566899250683692,12.822643521458803,11.99124335691362,10.73021124585866,29.470185055913902
2026-04-15 01:00:45.938558,6.733605202772219,49.506535238064586,18.017371272660093,0.0,84.49189498941142,11.430761060914888,26.471650503929606,26.84183579847798,27.236355404836985,24.728594607079568,50.52093894752813
2026-04-15 02:00:45.938558,5.975020699941837,36.86491481376122,17.188369554207007,14.492854926891257,95.40385192695425,13.595524805759329,46.440405789630795,39.404163998464945,39.22010499342444,38.17103774546262,47.45638961206929
2026-04-15 03:00:45.938558,25.17949834461471,50.0,29.89881059126505,0.0,100.0,28.23890507179995,36.86358372167985,39.145665438078225,37.602738279124715,34.97249306772695,54.981427349146145
2026-04-15 04:00:45.938558,10.724263554757185,35.47200736558645,12.695775226361269,0.0,97.86937163451243,22.67408584307708,46.70472152933128,41.21915131497078,39.78059493732281,39.91581389423668,41.04946105588547
2026-04-15 05:00:45.938558,12.446243729837589,50.0,7.424935139655459,0.0,100.0,22.40770116835332,18.025393049270082,19.70393171848646,17.548836672904116,16.908217420484377,38.51535486515947
2026-04-15 06:00:45.938558,0.0,43.50121309480798,11.330006133096958,245.8480337566893,84.83626283722232,13.505622179171592,43.589450275537786,34.620890806580476,37.46077209657003,32.48032309924455,60.134332339934325
2026-04-15 07:00:45.938558,0.0,48.51817069079761,9.483093699976369,0.0,91.55154211877964,10.81739672452375,18.17354680839765,16.04526302754973,16.645299436465212,15.077929021969581,36.74758682280341
2026-04-15 08:00:45.938558,10.46729869512806,50.0,15.165503065243149,82.37893198618764,67.93634867126585,23.46371640543469,34.18660073841974,35.94178253206047,36.04926761711001,32.91891699289873,75.05390559930262
2026-04-15 09:00:45.938558,0.0,50.0,0.0,181.8405137146343,93.20840064615756,9.388335885672303,10.146848159163573,10.76655204119919,12.635561405185369,9.43818165002342,45.607318654459206
2026-04-15 10:00:45.938558,7.169963890550518,50.0,11.680159242666054,236.16315983572224,99.512614278418,25.49034996766161,26.10542274028287,28.735108067611876,28.097749523517628,23.68215576288531,55.84538058663787
2026-04-15 11:00:45.938558,29.933148684718123,50.0,13.26807778709328,0.0,99.93674898466072,17.463725089261835,28.607783287251486,30.9828121887889,27.659034369468053,26.80956095679037,46.260313475378545
2026-04-15 12:00:45.938558,4.668869338649598,50.0,20.442717786815862,0.0,94.576258507377,17.372768920786207,23.058193342092583,24.760517220000132,24.354477185309452,21.903922207687696,44.46020195323168
2026-04-15 13:00:45.938558,8.039264022214436,50.0,10.04982433254047,269.4887377589126,82.14956978986082,18.05816250647724,30.30479764009094,32.32761686798091,33.73487587086929,28.48888535351932,67.88966142704201
2026-04-15 14:00:45.938558,3.962435327023967,50.0,17.493940567313153,0.0,100.0,20.887595295388746,19.92700166096216,21.794440739040496,20.497786473854482,18.611256056668086,38.328169026118665
2026-04-15 15:00:45.938558,0.0,50.0,3.676864101142442,193.67472620771585,65.48362790323526,29.41725873987415,24.711726659214417,25.56734096082438,27.39390464631986,23.890108262338615,65.11609310758716
2026-04-15 16:00:45.938558,15.490047420965327,50.0,7.206411208689316,84.87063029915791,77.01539121570177,35.224656454149965,31.210020967911678,32.75106366673805,33.198374422549925,30.275176784798543,76.99355930743279
2026-04-15 17:00:45.938558,0.0,50.0,3.4263602965533444,0.0,87.14927850880896,43.407544884610815,15.413335541078546,15.764559809053583,17.052565889289916,15.635786670447631,47.61673352843386
2026-04-15 18:00:45.938558,20.1284533293927,50.0,15.87385686837291,12.749309713846795,80.7674569498506,15.146968609216934,32.3515526632269,34.157151181810974,33.54916648758155,31.2157471561793,66.3358116435073
2026-04-15 19:00:45.938558,7.834952445606566,50.0,10.611802460935156,0.0,65.56685407552865,21.17942335798317,27.110736869011333,28.16171264618312,27.657293500516502,26.544655461595035,54.038899457709405
2026-04-15 20:00:45.938558,2.067827471036874,45.0812804283221,0.0,0.0,70.17504480472549,18.41944445062386,29.29121732583974,20.264170473964022,22.761414226947206,22.12880584612069,43.67480650672218
2026-04-15 21:00:45.938558,33.23346124888336,45.3896408158444,13.863791139120902,0.0,92.39429391335727,8.061418220013959,45.03571285260267,38.77265512698775,37.052834788430864,36.074453884556654,50.80891871788088
2026-04-15 22:00:45.938558,0.0,50.0,9.524698634464231,0.0,96.55590079488098,18.091230524039453,13.08815485193233,14.204887507545969,13.92047428134838,12.47696640235698,35.05566300798392
2026-04-15 23:00:45.938558,0.0,49.13098890734967,4.27933914539374,0.0,76.48743238478295,48.49244038781122,22.586223131735217,20.991524649368685,23.037012971519925,21.36665236732791,52.43734386647414
2026-04-16 00:00:45.938558,0.0,50.0,9.931573648685616,0.0,85.72923824572106,18.87642799720031,16.963300199163868,17.77654747353172,18.775697281745366,16.74975688595913,45.48309757958532
2026-04-16 01:00:45.938558,7.433071689237682,43.793835584773234,16.48174042392124,0.0,87.55212565482849,28.76121971880674,45.31986151804311,36.62566013945766,37.20833279330284,35.14529291813272,54.52348496571577
2026-04-16 02:00:45.938558,27.994031627929544,49.642430258160005,0.0,0.0,95.24949289466558,23.730980464152985,21.665302274159504,21.971622961881785,20.30732126908213,20.412313442815986,46.22609937271827
2026-04-16 03:00:45.938558,4.093302814748137,50.0,4.314546761306138,0.0,100.0,27.2512394651428,11.986858876482152,13.056274726928844,12.044023118023242,11.41200005394208,34.16872573980413
2026-04-16 04:00:45.938558,17.046784658406423,42.55406004923568,5.111406607866667,0.0,95.13718424315869,32.749193401663774,43.152611676133915,33.09843937486464,32.197845464730634,31.991400436254523,47.45862636202842
2026-04-16 05:00:45.938558,0.0,50.0,2.0010725402256075,0.0,100.0,9.046104462833448,3.969624280383446,4.37526288983026,4.1363267975416775,3.7771171594780233,22.877889230627215
2026-04-16 06:00:45.938558,0.0,47.500715408313546,6.584721399018964,37.94836320475231,86.66525140048968,17.79661665229024,23.507948786162075,19.379710929504242,21.038884046184627,18.841829323106555,57.91610689410265
2026-04-16 07:00:45.938558,6.515731580879312,50.0,0.0,0.0,94.38647389694208,19.15397882029169,10.021767506977838,10.428237307522988,10.408457480490178,10.009401022553735,36.20873562168012
2026-04-16 08:00:45.938558,10.265403634757076,46.52327233352222,11.696179749471042,0.0,86.38833058800873,34.68766123970181,37.7511603049434,32.74875728846778,32.85965022224058,31.102252931620136,56.50571969076279
2026-04-16 09:00:45.938558,12.516990107286432,50.0,11.7494845063869,145.41117910352375,77.00195830257317,23.39530517472308,32.89866733728061,34.840759411525724,35.649425935618694,31.442662930925557,74.28674136287792
2026-04-16 10:00:45.938558,1.2411587954683814,50.0,9.790129406435538,0.0,92.89147180927812,22.450300525625988,16.08267054302683,17.20037449937396,17.23293794811551,15.559593763329314,41.43221993442753
2026-04-16 11:00:45.938558,0.0,50.0,1.5525925428976477,17.006942381293683,86.72427743206046,17.575589335433477,10.31627073574281,10.41857095013992,12.054044606335353,10.60930395348589,48.434002781198295
2026-04-16 12:00:45.938558,0.0,50.0,12.563571737676334,205.54258093037828,79.09523205039801,27.701441089395228,28.474567943485606,30.14347600030142,32.53907173323366,27.154796630292683,69.17150699098653
2026-04-16 13:00:45.938558,0.0,50.0,4.571633813374028,0.0,97.67223141394167,7.052300751842282,6.4698730243018066,7.038522515977927,6.8997679116039325,6.166062759325511,25.94997495740998
2026-04-16 14:00:45.938558,6.391369732782428,50.0,5.870436828825122,345.20504228061304,74.82749552950509,25.247535502983503,31.25058909731674,32.89998463322052,35.08734719715213,29.689779904582558,67.91499760706436
2026-04-16 15:00:45.938558,8.982868884061357,50.0,9.387394461770151,165.4861271992803,68.01770224625122,43.22722043101018,34.99523614740441,36.7020866262113,37.3986519083868,33.6439957440585,76.19811929856797
2026-04-16 16:00:45.938558,22.237400356831245,50.0,2.996070142643868,46.09499319656412,59.04236537873157,17.617539643581893,29.509840667059557,30.831659719275773,28.93004069553547,28.20771505547914,71.51302323119499
2026-04-16 17:00:45.938558,0.0,50.0,3.467862636490729,39.51615939408536,73.94797726100158,11.928599156269406,14.887324677558706,14.992797354173923,17.238196902917018,15.11255325571604,57.483672457761436
2026-04-16 18:00:45.938558,19.393797585786515,50.0,5.848775708553353,0.0,78.44443492432173,32.63310207678725,28.43465189133939,29.600878540028038,29.31603139454365,28.01418321370574,60.63705559797599
2026-04-16 19:00:45.938558,16.704016939630893,50.0,10.460450241991335,0.0,96.38863379342244,30.327860018982605,24.936962815207774,26.899114572765708,24.788661495425533,23.675797380089715,48.672350905032054
2026-04-16 20:00:45.938558,22.385453046759185,50.0,15.179805517515264,0.0,96.0024438610497,32.082116685055816,30.952150429661128,33.288787301827334,30.846434747530648,29.35479468530528,54.09370456442654
2026-04-16 21:00:45.938558,10.22396588564586,50.0,7.745822379764274,0.0,82.9227063406364,22.042737564735308,22.486064427147912,23.566989692778854,23.661882384357774,22.08664389634079,53.00000966521239
2026-04-16 22:00:45.938558,16.69547731677781,42.52300187337279,11.051329565594866,0.0,80.26625329427105,28.074769063793315,51.233937224070715,41.19732800432969,41.53103571764915,40.154395676375586,60.31765692382107
2026-04-16 23:00:45.938558,5.8630682285226055,50.0,9.241689018940006,0.0,99.74666554834964,14.319037288615151,14.38043126018332,15.844369931394866,14.336610553793287,13.38403458439246,33.02927737284032
2026-04-16 23:00:52.039196,9.117449995337214,47.82690151717868,8.868035453639724,14.78505586876957,95.48148663978547,14.04060955019636,25.012991700486275,22.22538734297617,21.395951392089064,20.15138240916609,46.891823593117884
2026-04-16 23:00:57.039325,11.53526031877962,46.95699945769087,9.364817865703865,0.0,91.3670562070483,14.52438531951083,30.26974292770835,25.87803290786121,25.331644665992442,24.18557224263447,44.813578705195944
2026-04-16 23:01:02.045999,14.819927433403478,44.4345599917559,9.482785194518367,14.667509010203856,91.999593748695,14.65791132948728,39.32443036536773,31.38296676530402,30.791907698845286,29.65407093135941,53.41531092736017
2026-04-16 23:01:12.047356,17.080779988797595,40.709170158168334,9.1168495648315,0.0,89.05006450253202,14.893921317899554,47.995503888159746,37.06852343227219,36.717957343747344,36.12971855787735,48.762267144866925
2026-04-16 23:01:22.038884,19.35284650868914,39.11893490986418,8.940821907151633,87.83048828421235,90.67062835646271,14.846554179720735,51.82060383110501,42.56469641139702,42.347708282272464,40.67067284286902,64.56915787528584
2026-04-16 23:01:27.043235,21.296011912434093,39.42476880202381,8.57136170277148,127.42625972550744,90.3477078063063,14.740987120349727,53.654579334770396,44.203955775157155,44.117870352511,41.914380137331214,65.35798799186973
2026-04-16 23:01:32.045034,23.128975058227297,38.47441734789765,8.07182609712515,149.24630485508777,94.73260608563264,14.633462687660073,53.238160917329225,45.04996021441721,44.381338799914964,42.35211978611309,61.262362366076296
2026-04-16 23:01:42.221244,23.53148126992612,38.49814239699344,9.150322625267322,130.60516014917178,96.66430295136983,14.997713892300949,53.09255398873526,44.98159983508205,43.89731951773803,42.10636696371918,60.14538891868166
2026-04-16 23:01:52.216360,23.244725486398107,36.2760874621748,9.124649630032112,94.84198290413798,92.2400476249517,15.13843828113922,53.37727681720422,47.32728802560219,46.47183271553058,45.29472347063567,64.26139590576228
2026-04-16 23:01:57.219408,25.706768455538374,35.019176484669835,9.214256413586472,85.44914114992001,89.23023771396814,14.96850558427144,55.037887101434755,50.14747378604426,49.2713382323951,48.39213067576333,67.56481364683927
2026-04-16 23:02:02.222047,26.135082370492643,34.47774218386178,8.760022746070064,44.49563252068722,84.32297627713059,14.993151163269864,55.04376779791237,50.33983755237121,49.60920541883825,49.36292847786295,70.74485268796356
2026-04-16 23:02:07.224334,25.7506229851444,34.06926113532306,8.57713015977617,32.11813223927999,82.12600577673678,14.777558368703565,54.93289384322142,50.485820583819624,49.7707523911616,49.798462087722136,69.25240708453944
2026-04-16 23:02:17.219721,24.09910460189038,34.10979511081709,8.143803255134955,88.7329158089209,80.25267288968664,15.273710447784334,56.37263768433514,52.034856931092826,51.850465227224326,50.95435088160243,71.98654016684834
2026-04-16 23:02:27.212952,23.195435251560006,34.70132961722532,8.43837348327831,40.23656759021195,82.18859838003162,15.655907312738783,54.25408731616564,49.21011421366881,48.81771168876376,48.50146413458762,70.53655596657691
2026-04-16 23:02:32.213588,22.11536544415849,35.49794943289461,8.947394737732589,13.186364895425177,84.91542585655192,15.850564588629004,52.56747275294811,46.713039748254744,46.13578860428867,46.09395179389321,60.358212226185564
2026-04-16 23:02:37.221706,23.974268161719337,34.630518746328555,8.813593627706215,106.11255811906432,88.21399408246145,16.154046383716,55.25667436462693,50.74995563204739,50.090007675576125,48.970427431684705,68.01223030518663
2026-04-16 23:03:20.985736,25.07059050092565,33.03117001349903,8.815780250498372,63.6408494314929,87.03009613136979,16.081907733635315,54.722225716224116,51.50617422045309,50.21929253472426,50.19686183096252,68.95573510102865
2026-04-16 23:03:27.038156,27.737802155930886,33.30848731798003,9.062442835720386,99.6314736085431,86.30847494261297,16.469709548682804,57.319687723869585,54.030269419955765,52.995789666909154,52.31516502719508,70.71440583215522
2026-04-17 18:10:03.723744,32.920592622909865,32.343885629437025,9.087755556797966,239.1228679148535,78.29727558289565,16.486448622601404,65.21911729573489,63.036668418550796,62.55866730920463,60.565979620845575,74.79289602657491
2026-04-17 18:10:13.089882,37.22742803401587,31.70357959680081,9.13911669581707,339.13161900035686,71.5822615014979,16.4809234889031,70.47387615904968,68.89188126454185,68.09422148325888,66.06828418007284,75.12957803557529
2026-04-17 18:10:23.081939,41.14757425816816,31.060792730271544,9.181453878589386,421.8608132349543,66.13243136001759,16.464846557818323,74.21462454644777,73.14975464618713,70.99502106038149,70.01803029127203,75.1810662257873
2026-04-17 18:10:28.083466,44.60324091414034,30.51714660541207,9.189562808985356,474.7492153506575,61.8215947065827,16.497024776423263,76.50395386701985,75.86348692852569,72.63216326802,72.18586454840403,75.15103498011847
2026-04-23 01:02:01.267868,47.61332267666461,28.84421348423893,9.208974734337646,359.87574575011223,60.67825884044268,16.517329261626855,75.03361186403022,75.55722648496942,71.31527391613741,71.7517928639053,75.6101542281999
2026-04-23 01:02:10.898506,50.320745615503135,27.305847591609066,9.239260498197487,268.21247309741,59.8411184301065,16.55555515753464,73.44005046300119,74.73633893721441,69.60046345284817,70.69911761323944,75.714014640323
